Value,Type
193.3.19.198,IP
90.188.58.92,IP
109.237.103.38,IP
45.67.59.216,IP
94.232.41.215,IP
64.72.66.222,IP
144.91.85.29,IP
212.113.50.179,IP
185.212.170.250,IP
185.82.219.69,IP
45.79.142.211,IP
169.56.94.134,IP
204.13.201.137,IP
103.102.220.50,IP
177.190.76.82,IP
96.9.69.207,IP
96.9.77.142,IP
103.9.188.78,IP
136.228.128.21,IP
54.36.148.0,IP
54.36.148.1,IP
54.36.148.2,IP
54.36.148.3,IP
54.36.148.4,IP
54.36.148.5,IP
54.36.148.7,IP
54.36.148.9,IP
54.36.148.12,IP
54.36.148.13,IP
54.36.148.16,IP
54.36.148.17,IP
54.36.148.18,IP
54.36.148.19,IP
54.36.148.20,IP
54.36.148.21,IP
54.36.148.22,IP
54.36.148.23,IP
54.36.148.64,IP
54.36.148.67,IP
54.36.148.71,IP
54.36.148.72,IP
54.36.148.76,IP
58.97.72.83,IP
5.9.144.234,IP
54.36.148.83,IP
54.36.148.85,IP
54.36.148.87,IP
54.36.148.89,IP
54.36.148.90,IP
54.36.148.91,IP
54.36.148.93,IP
54.36.148.95,IP
54.36.148.96,IP
54.36.148.97,IP
54.36.148.98,IP
54.36.148.99,IP
54.36.148.100,IP
54.36.148.102,IP
54.36.148.104,IP
54.36.148.106,IP
54.36.148.107,IP
54.36.148.109,IP
54.36.148.110,IP
54.36.148.111,IP
54.36.148.112,IP
54.36.148.113,IP
54.36.148.116,IP
54.36.148.117,IP
54.36.148.120,IP
54.36.148.121,IP
54.36.148.122,IP
54.36.148.123,IP
54.36.148.124,IP
54.36.148.125,IP
54.36.148.128,IP
54.36.148.133,IP
54.36.148.134,IP
54.36.148.190,IP
54.36.148.192,IP
54.36.148.193,IP
54.36.148.194,IP
54.36.148.195,IP
54.36.148.196,IP
54.36.148.197,IP
54.36.148.198,IP
54.36.148.202,IP
54.36.148.204,IP
54.36.148.205,IP
54.36.148.206,IP
54.36.148.207,IP
54.36.148.210,IP
54.36.148.211,IP
54.36.148.212,IP
54.36.148.215,IP
54.36.148.216,IP
54.36.148.217,IP
54.36.148.218,IP
54.36.148.219,IP
54.36.148.220,IP
54.36.148.221,IP
54.36.148.224,IP
54.36.148.226,IP
54.36.148.227,IP
54.36.148.229,IP
54.36.148.231,IP
54.36.148.237,IP
54.36.148.238,IP
54.36.148.239,IP
54.36.148.240,IP
54.36.148.242,IP
54.36.148.243,IP
54.36.148.244,IP
54.36.148.245,IP
54.36.149.40,IP
54.36.149.41,IP
54.36.149.43,IP
54.36.149.44,IP
54.36.149.45,IP
54.36.149.47,IP
54.36.149.48,IP
54.36.149.49,IP
54.36.149.50,IP
54.36.149.51,IP
54.36.149.52,IP
54.36.149.53,IP
54.36.149.55,IP
54.36.149.57,IP
54.36.149.58,IP
54.36.149.61,IP
54.36.149.62,IP
54.36.149.65,IP
54.36.149.66,IP
54.36.149.67,IP
54.36.149.68,IP
54.36.149.69,IP
54.36.149.71,IP
54.36.149.72,IP
54.36.149.73,IP
54.36.149.74,IP
54.36.149.75,IP
54.36.149.76,IP
54.36.149.77,IP
54.36.149.78,IP
54.36.149.79,IP
54.36.149.80,IP
54.36.149.81,IP
54.36.149.82,IP
54.36.149.83,IP
54.36.149.84,IP
103.111.83.86,IP
103.146.232.5,IP
103.75.32.173,IP
103.87.48.54,IP
114.7.243.26,IP
117.54.140.98,IP
123.231.149.122,IP
139.255.41.122,IP
144.76.137.254,IP
144.76.4.41,IP
148.251.195.14,IP
148.251.8.250,IP
149.202.82.11,IP
175.184.232.234,IP
202.152.56.10,IP
34.249.130.10,IP
36.95.73.109,IP
45.56.228.21,IP
54.36.148.136,IP
54.36.148.140,IP
54.36.148.147,IP
54.36.148.148,IP
54.36.148.161,IP
54.36.148.166,IP
54.36.148.170,IP
54.36.148.173,IP
54.36.148.179,IP
54.36.148.184,IP
54.36.148.185,IP
54.36.148.199,IP
54.36.148.200,IP
54.36.148.203,IP
54.36.148.209,IP
54.36.148.214,IP
54.36.148.222,IP
54.36.148.228,IP
54.36.148.233,IP
54.36.148.234,IP
54.36.148.235,IP
54.36.148.236,IP
54.36.148.250,IP
54.36.149.5,IP
54.36.149.11,IP
54.36.149.16,IP
54.36.149.28,IP
54.36.149.29,IP
54.36.149.32,IP
54.36.149.37,IP
54.36.149.39,IP
54.36.149.42,IP
54.36.149.46,IP
54.36.149.59,IP
54.36.149.60,IP
54.36.149.63,IP
54.36.148.164,IP
54.36.148.176,IP
54.36.148.186,IP
54.36.148.208,IP
54.36.148.213,IP
54.36.148.223,IP
54.36.148.230,IP
54.36.148.232,IP
54.36.148.241,IP
54.36.149.13,IP
54.36.149.17,IP
54.36.149.54,IP
54.36.149.56,IP
54.36.149.87,IP
54.36.149.96,IP
54.36.149.99,IP
54.36.149.106,IP
5.9.71.213,IP
5.9.151.57,IP
5.9.154.69,IP
46.4.60.249,IP
65.108.46.72,IP
82.199.130.36,IP
94.250.201.221,IP
146.196.122.15,IP
167.71.235.30,IP
31.14.40.220,IP
122.117.90.133,IP
23.128.248.13,IP
35.243.23.129,IP
204.13.200.200,IP
165.227.227.95,IP
54.36.148.35,IP
54.36.148.56,IP
54.36.148.66,IP
54.36.148.77,IP
185.195.71.2,IP
185.107.47.171,IP
185.107.70.56,IP
185.220.102.245,IP
185.220.102.250,IP
185.220.102.253,IP
137.184.140.204,IP
176.126.74.219,IP
5.9.155.37,IP
18.193.98.43,IP
46.101.164.72,IP
91.137.17.120,IP
178.63.34.189,IP
185.220.101.47,IP
185.220.101.62,IP
185.220.101.63,IP
185.220.101.69,IP
185.220.101.83,IP
185.220.101.142,IP
34.251.132.170,IP
31.154.162.118,IP
5.2.70.223,IP
5.2.73.229,IP
46.166.139.111,IP
89.208.29.183,IP
95.25.81.8,IP
194.186.142.12,IP
194.186.142.140,IP
119.81.61.11,IP
35.243.23.132,IP
104.222.43.208,IP
195.123.242.119,IP
88.107.188.237,IP
5.9.70.113,IP
144.76.60.198,IP
144.76.176.171,IP
181.28.132.173,IP
185.152.32.71,IP
84.17.43.89,IP
52.58.51.176,IP
164.68.111.45,IP
192.145.127.213,IP
107.189.31.241,IP
89.208.29.189,IP
95.25.81.70,IP
194.186.142.19,IP
5.9.61.232,IP
5.9.107.211,IP
65.108.0.71,IP
144.76.38.40,IP
217.114.218.27,IP
103.36.79.3,IP
114.119.151.172,IP
5.9.70.117,IP
213.33.190.62,IP
197.242.157.110,IP
54.36.148.25,IP
54.36.148.26,IP
54.36.148.27,IP
54.36.148.30,IP
54.36.148.32,IP
54.36.148.34,IP
54.36.148.36,IP
54.36.148.37,IP
54.36.148.39,IP
54.36.148.40,IP
54.36.148.41,IP
54.36.148.42,IP
54.36.148.43,IP
54.36.148.44,IP
54.36.148.45,IP
54.36.148.46,IP
54.36.148.47,IP
54.36.148.48,IP
54.36.148.49,IP
54.36.148.50,IP
54.36.148.51,IP
54.36.148.52,IP
54.36.148.53,IP
54.36.148.54,IP
54.36.148.59,IP
54.36.148.60,IP
54.36.148.61,IP
54.36.148.62,IP
54.36.148.63,IP
54.36.148.65,IP
54.36.148.70,IP
54.36.148.74,IP
54.36.148.75,IP
54.36.148.82,IP
54.36.148.137,IP
54.36.148.138,IP
54.36.148.139,IP
54.36.148.141,IP
54.36.148.142,IP
54.36.148.143,IP
54.36.148.145,IP
54.36.148.146,IP
54.36.148.149,IP
54.36.148.150,IP
54.36.148.151,IP
54.36.148.152,IP
54.36.148.154,IP
54.36.148.155,IP
54.36.148.156,IP
54.36.148.157,IP
54.36.148.159,IP
54.36.148.162,IP
54.36.148.165,IP
54.36.148.167,IP
54.36.148.168,IP
54.36.148.169,IP
54.36.148.171,IP
54.36.148.172,IP
54.36.148.174,IP
54.36.148.175,IP
54.36.148.177,IP
54.36.148.178,IP
54.36.148.180,IP
54.36.148.181,IP
54.36.148.182,IP
54.36.148.183,IP
54.36.148.187,IP
54.36.148.188,IP
54.36.148.189,IP
54.36.148.246,IP
54.36.148.247,IP
54.36.148.248,IP
54.36.148.249,IP
54.36.148.251,IP
54.36.148.252,IP
54.36.148.253,IP
54.36.148.254,IP
54.36.148.255,IP
54.36.149.0,IP
54.36.149.1,IP
54.36.149.2,IP
54.36.149.3,IP
54.36.149.4,IP
54.36.149.6,IP
54.36.149.7,IP
54.36.149.8,IP
54.36.149.9,IP
54.36.149.10,IP
54.36.149.12,IP
54.36.149.14,IP
54.36.149.18,IP
54.36.149.19,IP
54.36.149.20,IP
54.36.149.21,IP
54.36.149.22,IP
54.36.149.23,IP
54.36.149.24,IP
54.36.149.25,IP
54.36.149.26,IP
54.36.149.27,IP
54.36.149.30,IP
54.36.149.31,IP
54.36.149.33,IP
54.36.149.35,IP
54.36.149.36,IP
51.89.202.111,IP
54.36.149.100,IP
54.36.149.101,IP
54.36.149.102,IP
54.36.149.105,IP
54.36.149.107,IP
54.36.149.85,IP
54.36.149.86,IP
54.36.149.89,IP
54.36.149.90,IP
54.36.149.91,IP
54.36.149.92,IP
54.36.149.93,IP
54.36.149.97,IP
54.36.149.98,IP
62.108.35.103,IP
78.46.63.108,IP
91.200.103.242,IP
185.151.232.140,IP
31.14.40.107,IP
31.14.40.207,IP
193.226.177.45,IP
185.10.68.16,IP
119.81.61.12,IP
179.43.169.178,IP
203.151.233.10,IP
45.221.8.171,IP
217.27.153.206,IP
41.175.22.226,IP
198.144.191.144,IP
207.102.138.19,IP
150.143.151.192,IP
135.181.212.177,IP
54.36.148.11,IP
54.36.148.24,IP
54.36.148.29,IP
54.36.148.38,IP
54.36.148.55,IP
54.36.148.73,IP
54.36.148.78,IP
54.36.148.81,IP
54.36.148.86,IP
54.36.148.88,IP
54.36.148.92,IP
54.36.148.94,IP
54.36.148.103,IP
54.36.148.108,IP
54.36.148.114,IP
54.36.148.115,IP
54.36.148.118,IP
54.36.148.119,IP
54.36.148.126,IP
54.36.148.130,IP
54.36.148.132,IP
54.36.149.64,IP
54.36.149.70,IP
54.36.149.88,IP
54.36.149.94,IP
54.36.149.95,IP
54.36.149.103,IP
54.36.149.104,IP
65.108.64.210,IP
144.76.71.176,IP
144.76.186.38,IP
80.210.26.17,IP
185.149.90.118,IP
2.51.175.181,IP
198.144.121.43,IP
195.123.241.30,IP
190.152.2.86,IP
135.181.213.220,IP
54.36.148.6,IP
54.36.148.8,IP
54.36.148.10,IP
54.36.148.14,IP
54.36.148.15,IP
54.36.148.28,IP
54.36.148.31,IP
54.36.148.33,IP
54.36.148.57,IP
54.36.148.58,IP
54.36.148.84,IP
54.36.148.101,IP
54.36.148.69,IP
54.36.148.105,IP
54.36.148.131,IP
54.36.148.153,IP
54.36.148.158,IP
54.36.148.160,IP
54.36.148.163,IP
54.36.148.79,IP
54.36.148.80,IP
54.36.148.127,IP
54.36.148.129,IP
54.36.148.135,IP
54.36.148.144,IP
54.36.148.191,IP
54.36.148.201,IP
54.36.148.225,IP
54.36.149.15,IP
54.36.149.34,IP
54.36.149.38,IP
65.21.232.254,IP
144.76.7.79,IP
144.76.120.197,IP
185.220.101.1,IP
185.220.101.5,IP
185.220.101.19,IP
185.220.101.32,IP
185.220.101.33,IP
185.220.101.34,IP
185.220.101.36,IP
185.220.101.42,IP
185.220.101.48,IP
185.220.101.49,IP
185.220.101.53,IP
185.220.101.56,IP
185.220.101.58,IP
185.220.101.60,IP
185.220.101.75,IP
185.220.102.243,IP
185.220.102.246,IP
46.183.221.196,IP
89.208.29.182,IP
95.25.81.122,IP
194.154.78.152,IP
34.253.95.246,IP
185.122.170.131,IP
178.255.148.170,IP
185.191.34.223,IP
139.59.107.152,IP
185.227.170.13,IP
121.46.142.244,IP
190.131.243.186,IP
85.10.207.195,IP
148.251.9.145,IP
139.255.65.170,IP
84.17.46.223,IP
95.211.199.145,IP
185.181.115.225,IP
80.44.18.195,IP
106.75.71.81,IP
54.36.148.68,IP
65.21.122.241,IP
65.21.231.30,IP
45.115.174.234,IP
89.208.29.186,IP
192.30.83.156,IP
103.12.163.93,IP
5.9.66.153,IP
5.9.112.210,IP
144.76.38.10,IP
148.251.120.201,IP
173.212.216.3,IP
79.104.209.209,IP
152.89.160.107,IP
38.242.197.202,IP
80.44.18.39,IP
185.192.69.74,IP
95.217.109.26,IP
5.9.77.102,IP
137.184.244.5,IP
107.189.30.86,IP
146.199.19.166,IP
206.189.247.132,IP
5.9.98.234,IP
52.58.12.201,IP
196.41.57.46,IP
169.50.106.68,IP
5.10.100.181,IP
80.44.20.212,IP
80.255.10.204,IP
89.208.29.192,IP
202.58.199.82,IP
65.108.128.54,IP
135.181.79.106,IP
144.76.81.229,IP
51.89.115.96,IP
195.24.68.9,IP
212.119.227.183,IP
103.80.54.34,IP
87.106.18.141,IP
1.248.122.240,IP
109.70.26.37,IP
110.14.121.123,IP
110.14.121.125,IP
115.88.24.202,IP
115.88.24.203,IP
115.91.217.231,IP
116.121.62.237,IP
116.58.10.58,IP
118.33.109.122,IP
119.81.61.11,IP
119.81.61.12,IP
124.109.61.160,IP
139.59.107.152,IP
14.51.96.70,IP
169.56.94.134,IP
172.70.92.225,IP
175.119.10.231,IP
175.120.254.9,IP
175.126.109.15,IP
180.69.193.102,IP
183.78.205.92,IP
185.107.56.207,IP
185.107.56.208,IP
185.107.56.209,IP
185.107.56.210,IP
185.53.177.50,IP
192.236.147.253,IP
194.85.61.76,IP
196.200.111.5,IP
203.195.66.54,IP
203.228.9.102,IP
210.182.29.70,IP
210.92.250.133,IP
211.119.84.111,IP
211.119.84.112,IP
211.168.197.211,IP
81.17.29.149,IP
94.140.113.64,IP
52.221.92.67,IP
211.169.6.249,IP
211.171.233.126,IP
211.171.233.127,IP
211.40.39.251,IP
211.59.14.90,IP
213.183.53.118,IP
217.145.226.174,IP
222.232.238.243,IP
222.236.49.123,IP
222.236.49.124,IP
27.147.183.45,IP
3.1.63.204,IP
3.115.86.44,IP
3.64.163.50,IP
31.41.46.120,IP
31.41.46.132,IP
35.219.111.231,IP
37.140.241.20,IP
37.34.176.37,IP
37.34.248.24,IP
5.62.40.70,IP
58.124.228.242,IP
58.235.189.190,IP
61.36.14.230,IP
61.98.7.132,IP
61.98.7.133,IP
63.251.126.10,IP
63.251.235.76,IP
72.5.161.12,IP
81.169.145.94,IP
81.17.18.194,IP
81.17.18.195,IP
81.17.18.196,IP
81.17.18.197,IP
81.17.18.198,IP
81.17.29.146,IP
81.17.29.148,IP
81.17.29.150,IP
Walla-Walla@Blazeking.com,Email
aarvizu@q-ver.com,Email
cb1abbf24efc6fc035e668e82628b071 Info-2701.zip,Filename
a2124d49f4902e004fa03d467192f027 Info-2701.xls,Filename
91.240.118.168,IP
31.41.46.120,IP
