Indicator,Type
perspectivetour.com,URL
139.60.161.228,IP
139.60.161.56,IP
91.208.52.149,IP
185.70.184.8,IP
185.113.140.96,IP
83.149.84.168,IP
138.59.16.101,IP
6a58b52b184715583cda792b56a0a1ed,FileHash
4fdabe571b66ceec3448939bfb3ffcd1,FileHash
bb7c575e798ff5243b5014777253635d,FileHash
5e1575c221f8826ce55ac2696cf1cf0b,FileHash
d46104947d8478030e8bcfcc74f2aef7,FileHash
2401f681b4722965f82a3d8199a134ed,FileHash
6c9ad4e67032301a61a9897377d9cff8,FileHash
e5ff9bf10dfc3ae3ae70aba9fbc9d216,FileHash
3390ef744e5add622108b479af8077a1,FileHash
d026f11efca85cb3ce7bac7143d5ed6a,FileHash
ca52fbd26ef923de5046678218a29e17,FileHash
7df79de2f5e31263208ef83caca7b1f0,FileHash
cf7eb797b63e8322269eb8281975af53,FileHash
3d29501d6a40b701b80655385bebed1d,FileHash
578417426e2a444bd8cf426b63a94973,FileHash
478eefc09205d70905983a4909133429,FileHash
f112bbd9b20d8d3500419a0d41de2a9c,FileHash
a6b0e732396a67515dd9520c1ff33f62,FileHash
655979d56e874fbe7561bb1b6e512316c25cbb19,FileHash
3477a173e2c1005a81d042802ab0f22cc12a4d55,FileHash
763499b37aacd317e7d2f512872f9ed719aacae1,FileHash
2146f04728fe93c393a74331b76799ea8fe0269f,FileHash
ecf794599c5a813f31f0468aecd5662c5029b5c4,FileHash
d1ef9f484f10d12345c41d6b9fca8ee0efa29b60,FileHash
2aee699780f06857bb0fb9c0f73e33d1ac87a385,FileHash
a36432e92f4a7a22d90a0006ed4968411ff54aca,FileHash
489b15acce828cef5c13ae5b50a3acf0e8d62f34,FileHash
6102fddf2fc7795d1fe8005d5a1c04059aa74485,FileHash
4a05ff7d641a5685cb4e3d6a80b5b0648a75ca9c,FileHash
670224a6b59827de20a93cbe754edfb510cf3cc3,FileHash
beff0874841fc49e458f9fbfb04664143535bf32,FileHash
8f397a7796b760cb4179d4980b5236984f753955,FileHash
cdced8c6bb0492ad99c4ea95e33f97289de2641a,FileHash
49a7064c05404538269b5d461eeb5671b0b0b9a6,FileHash
cf5c692e877f8f83be9708f8bbd27763ebdf9fb7,FileHash
3bfa57288ed3b936238938ea0112f3b1886dfa66,FileHash
af50f8debe452374f5caa8755d5f792984a23a95df3526afae8aaa46e801222e,FileHash
90cd99128b4478f180a32d75372a33c6a3c431a249c01a861d7288ae2d7cfee0,FileHash
e83c9e5e6c2c84e405f6b74e8274d8b2c074019e449c04ef5566020358349d01,FileHash
697ad4db00d2d8003a58bc005f151284691e38266013bea3887826b04344dfe8,FileHash
39d242660c6d5dbe97d5725bbfed0f583344d18840ccd902fffdd71af12e20ec,FileHash
710faabf217a5cd3431670558603a45edb1e01970f2a8710514c2cc3dd8c2424,FileHash
5db51d85170bd2756720d855f943cf021af3233ed97adfc7847098fbd29e5025,FileHash
025349efb425a20e0202be1d58b1f0df4bf5ba61191999bbad27fae4d8c58aed,FileHash
205de00fde9e25b9fef1fed012736dfa77b28501cac48b640e264bb52835be19,FileHash
a4165ae334a45cd8cf05b1659650d61380854fe3e8369df4cfd47cdb71596303,FileHash
270b6dc30cdcc15dcaa42f11da1e40c9d1e06446e7e008055104562e53c314ad,FileHash
