"first_seen","ip"
"2022-03-23","31.41.60.68"
"2022-03-22","54.82.16.202"
"2022-03-22","14.241.248.131"
"2022-03-22","18.205.119.206"
"2022-03-22","5.164.183.127"
"2022-03-22","31.41.62.214"
"2022-03-22","92.248.196.53"
"2022-03-22","90.151.200.160"
"2022-03-22","217.160.57.25"
"2022-03-21","112.21.128.253"
"2022-03-21","34.73.254.98"
"2022-03-21","111.162.213.44"
"2022-03-20","54.242.55.177"
"2022-03-20","54.162.49.121"
"2022-03-20","3.84.132.165"
"2022-03-20","54.91.235.182"
"2022-03-20","100.26.254.219"
"2022-03-20","54.91.125.232"
"2022-03-20","54.174.164.248"
"2022-03-20","54.242.53.236"
"2022-03-20","54.86.92.17"
"2022-03-20","195.123.246.189"
"2022-03-20","34.227.226.119"
"2022-03-20","35.175.227.66"
"2022-03-20","35.170.248.159"
"2022-03-20","3.238.26.112"
"2022-03-20","54.87.108.183"
"2022-03-20","54.236.39.71"
"2022-03-19","3.81.165.228"
"2022-03-19","54.146.201.34"
"2022-03-19","3.83.14.134"
"2022-03-19","3.230.158.179"
"2022-03-19","91.210.24.222"
"2022-03-19","34.229.85.3"
"2022-03-19","44.197.123.73"
"2022-03-19","185.243.112.89"
"2022-03-19","31.41.59.29"
"2022-03-19","3.231.202.148"
"2022-03-19","52.90.79.16"
"2022-03-19","54.242.64.29"
"2022-03-19","54.163.186.50"
"2022-03-19","3.80.71.206"
"2022-03-19","20.124.134.110"
"2022-03-19","3.239.120.45"
"2022-03-19","18.204.2.43"
"2022-03-19","3.92.24.24"
"2022-03-19","54.90.191.203"
"2022-03-19","44.203.60.130"
"2022-03-19","44.197.171.155"
"2022-03-19","54.90.159.172"
"2022-03-19","176.194.127.203"
"2022-03-19","89.23.164.136"
"2022-03-19","62.149.14.187"
"2022-03-19","34.203.195.145"
"2022-03-19","3.215.175.112"
"2022-03-18","3.82.176.225"
"2022-03-18","20.119.217.242"
"2022-03-18","34.200.237.142"
"2022-03-18","144.21.35.51"
"2022-03-18","18.234.117.248"
"2022-03-18","178.44.146.29"
"2022-03-18","3.85.120.152"
"2022-03-18","54.160.222.203"
"2022-03-18","54.161.25.161"
"2022-03-18","31.41.57.2"
"2022-03-18","18.208.250.70"
"2022-03-18","52.207.104.208"
"2022-03-18","3.85.47.232"
"2022-03-18","54.84.27.113"
"2022-03-18","3.231.93.243"
"2022-03-18","44.200.27.125"
"2022-03-18","44.201.216.248"
"2022-03-18","34.239.129.235"
"2022-03-18","18.235.255.145"
"2022-03-18","18.232.126.180"
"2022-03-18","54.88.130.31"
"2022-03-18","3.230.126.187"
"2022-03-18","54.172.252.175"
"2022-03-18","54.205.39.74"
"2022-03-18","82.205.9.242"
"2022-03-18","37.228.95.165"
"2022-03-18","52.70.9.171"
"2022-03-18","44.192.51.79"
"2022-03-17","54.242.228.104"
"2022-03-17","3.235.77.85"
"2022-03-17","100.26.104.55"
"2022-03-17","54.86.163.123"
"2022-03-17","18.204.56.229"
"2022-03-17","3.95.174.215"
"2022-03-17","52.207.125.225"
"2022-03-17","54.87.125.229"
"2022-03-17","44.203.29.65"
"2022-03-17","115.195.36.236"
"2022-03-17","3.214.184.250"
"2022-03-17","3.82.49.103"
"2022-03-17","44.192.42.112"
"2022-03-17","3.235.57.40"
"2022-03-17","185.168.9.109"
"2022-03-17","31.41.59.182"
"2022-03-17","98.159.226.70"
"2022-03-17","3.233.234.100"
"2022-03-17","54.226.103.147"
"2022-03-17","184.72.112.129"
"2022-03-17","18.208.137.122"
"2022-03-17","3.82.154.98"
"2022-03-17","44.200.18.99"
"2022-03-17","54.162.75.3"
"2022-03-17","54.80.149.93"
"2022-03-17","45.141.152.202"
"2022-03-16","3.84.13.7"
"2022-03-16","34.203.214.92"
"2022-03-16","34.238.43.17"
"2022-03-16","3.239.109.166"
"2022-03-16","54.159.9.154"
"2022-03-16","44.192.15.115"
"2022-03-16","34.234.94.242"
"2022-03-16","34.200.251.233"
"2022-03-16","191.180.111.5"
"2022-03-16","52.87.255.206"
"2022-03-16","35.173.42.100"
"2022-03-16","44.199.204.225"
"2022-03-16","44.201.13.165"
"2022-03-16","54.162.201.215"
"2022-03-16","3.84.179.49"
"2022-03-16","34.227.80.59"
"2022-03-16","54.91.78.172"
"2022-03-16","3.94.76.254"
"2022-03-16","52.22.55.208"
"2022-03-16","18.208.250.62"
"2022-03-16","3.95.135.48"
"2022-03-16","98.159.226.64"
"2022-03-16","3.85.140.149"
"2022-03-15","185.113.140.96"
"2022-03-11","121.233.228.237"
"2022-03-11","176.212.181.129"
"2022-03-09","178.213.105.50"
"2022-03-09","5.35.77.114"
"2022-03-09","188.166.42.66"
"2022-03-09","128.75.141.161"
"2022-03-07","34.121.64.131"
"2022-03-05","128.199.201.20"
"2022-03-01","163.172.108.235"
"2022-02-27","37.79.255.86"
"2022-02-23","194.33.40.81"
"2022-02-23","45.135.167.208"
"2022-02-23","46.105.97.11"
"2022-02-15","44.200.112.100"
"2022-02-05","20.79.40.222"
"2022-01-31","91.225.140.144"
"2022-01-12","3.236.228.48"
"2021-12-31","45.89.69.228"
"2021-12-30","150.107.109.240"
"2021-12-28","195.138.249.12"
"2021-12-19","3.235.238.138"
"2021-12-01","221.132.35.28"
"2021-11-04","185.177.190.46"
"2021-11-03","3.81.27.240"
"2021-10-26","93.170.64.193"
"2021-10-26","18.212.201.4"
"2021-09-29","44.192.54.181"
"2021-09-12","44.197.200.4"
"2021-05-26","222.186.169.86"
"2021-05-23","180.97.220.181"
"2021-05-10","185.202.244.245"
"2021-03-28","89.187.182.7"
"2021-03-21","44.192.77.92"
"2021-03-20","3.91.63.156"
"2021-03-16","3.237.40.187"
"2021-03-09","37.204.199.100"
"2021-02-24","134.249.112.209"
"2021-01-26","104.248.194.76"
"2021-01-20","3.233.242.56"
"2020-12-21","109.87.165.45"
"2020-05-27","196.196.216.139"
"2020-02-19","185.246.211.68"
"2020-01-03","103.131.164.17"
"2019-11-01","178.214.254.80"
"2019-06-13","195.98.77.131"
"2019-04-29","193.56.28.227"
"2019-04-26","185.246.208.132"
"2018-12-25","176.36.43.143"
"2017-11-21","185.156.175.51"
"2017-11-18","85.192.188.124"
